{"pages":[],"posts":[{"title":"My Infinity Stone","text":"This Makes me feel immortal.","link":"/2018/12/01/-Infinity-Stone/"},{"title":"My Superpower ","text":"You’re my superpower, baby","link":"/2018/12/01/-Superpower/"},{"title":"My Promotion","text":"She let me into her world and I was promoted from Shahnawaaz to Shah","link":"/2018/12/03/-Promotion/"},{"title":"Tum Yahi ho!","text":"Lakh Duniya Kahe ‘Tum Nahi Ho’Tum Yahin Ho, Tum Yahin HoLakh Duniya Kahe ‘Tum Nahi Ho’Tum Yahin Ho, Tum Yahin Ho I was travelling…Half of me remains with her…I feel her presence with this live saving bottle.","link":"/2018/12/02/-Yahi-ho/"},{"title":"Cute Little Monster","text":"Neend churayi meriKisne oh sanam?Tune.","link":"/2018/12/01/Cute-Little-Monster/"},{"title":"I See You everywhere ","text":"I wrote a short verse once that roughly said“Ishq jab hoga tumhe to tumhe, to nazar wo dekhigi duniya me jisme tumhara mehboob ab tak chupa tha” Guess I knew what I was walking into","link":"/2018/11/30/See-You-everywhere/"},{"title":"Sticky I Love Yoi","text":"Coz expressing via texts is just not enough!","link":"/2018/12/09/Sticky-I-Love-Yoi/"},{"title":"The Failed Attempt","text":"They tried to spook me but how could they? M already spooked","link":"/2018/12/01/e-Failed-Attempt/"},{"title":"The Laal Ishq Card","text":"This card got me back to crafting stuff","link":"/2018/11/11/e-Laal-Ishq-Card/"},{"title":"She Makes Me Feel Alive","text":"Tera dhyaan kidar hai… Ye tera hero idhar hai","link":"/2018/12/01/e-Makes-Me-Feel-Alive/"},{"title":"The Corrected Match","text":"Snap gave us a 60% But we know we’re 100%","link":"/2018/12/10/The-Corrected-Match/"},{"title":"The Selfie punch","text":"I remember it was the initial phase wherein asking for a selfie was mandatory for me. Still is, I believe it’ll forever be that way.zee would get so annoyed - Hence I made this meme :P These little gestures added up to our bounding M glad we are what we are &lt;3","link":"/2018/11/07/e-Selfie-punch/"},{"title":"The Only Currency I Need","text":"Well, shes the only currency I need ❤️","link":"/2018/12/05/e-Only-Currency-I-Need/"},{"title":"Okiromonu Wrap","text":"World’s best SSSSAAAALLLLLIIIII","link":"/2018/12/01/iromonu-Wrap/"},{"title":"Welcome Shaan","text":"I’ve never been welcomed so royally.It really wasn’t just a house welcome thingy, I was welcomed with open hearts.","link":"/2018/11/29/lcome-Shaan/"},{"title":"To-Do List","text":"I should’ve written…hold hands Forever","link":"/2018/12/01/o-Do-List/"},{"title":"Our Room","text":"It used to be my room(empty) Now its OUR room.","link":"/2018/12/05/r-Room/"},{"title":"The POCO Card","text":"Making this card so much fun…If I had a time machine i would go back and do it the same way again.","link":"/2018/11/11/rthday-card-in-the-making/"},{"title":"Momos Sause","text":":P","link":"/2018/12/11/Momos-Sause/"},{"title":"The Proposal","text":"Though its an arranged marriage… but, my love for you is beyond anything I’ve ever felt. I had to express my love to you… At 1am … I SUIT UP… And, i perform a tiny bit of a song and propose you… Hence, we’re now officially an Arranged - Love Couple :*","link":"/2018/12/12/The-Proposal/"},{"title":"Trial Room Adventure","text":"I had been shopping Though I didn’t buy anything This is how I spent my time inside the trial room :P","link":"/2018/12/12/ial-Room-Adventure/"},{"title":"Seeing Red","text":"Zee’s fav color is red…! Enough said.","link":"/2018/12/12/Seeing-Red/"},{"title":"Me aur Tu, najane kab Hum hogaye","text":"The closest I’ve ever been to Happiness","link":"/2018/11/30/e-closest-I-ve-ever-been-to-Happiness/"},{"title":"One Heart","text":"She sends me this So I send her my half… But then we’re One","link":"/2018/12/13/One-Heart/"},{"title":"The Upgrade","text":"She gives me missed calls when I reply late to her texts… Zoha kinda felt worldly…Hence the upgrade","link":"/2018/12/13/The-Upgrade/"},{"title":"Bhujia Love","text":"I was having this while watching a movie… But then why stop at eating stuff..","link":"/2018/12/14/Hamar-Prem-Amar-ba/"},{"title":"Brace yourself","text":"My baby got braces…which are kinda painful.. Theses flowers wiped the pain away :*","link":"/2018/12/15/Brace-yourself/"},{"title":"Ris(c)e in love","text":"Dont fall in love but rise RICE !","link":"/2018/12/17/Pyar-ka-anaj/"},{"title":"Asia kate...Huh!","text":"Aisa kaisa hota ! Ab sahi hai! 2.0 was a crappy movie but my love watched it…now it feels special &lt;3","link":"/2018/12/19/Asia-kate-Huh/"},{"title":"Machli jal ki rani hai","text":"Machli jal Dil ki rani hai. Jeevan uska paani Shah - hi hai.","link":"/2018/12/20/Machili-wala-love/"},{"title":"2 States","text":"Everything you see in this pic is so closely associated to me… The wrappers…The medal…The bottle… Everything just makes me want to go back to her and tell her how much I love everything about her…","link":"/2018/12/21/2-States/"},{"title":"Love n Repeat","text":"They say a way to a mans heart is via his stomach! guess my heart, liver, kidney, lungs and each part is madly in love","link":"/2018/12/22/ove-n-Repeat/"},{"title":"Opportunity Knocks","text":"Everyone knows how skilled my baby is &lt;3","link":"/2018/12/23/Opportunity-Knocks/"},{"title":"Welcome Home, Honey","text":"she likes it when i call her Honey :P","link":"/2018/12/23/Welcome-Home-Honey/"},{"title":"Chat-versary ","text":"straight up days of constantly being together.","link":"/2018/12/24/Chat-versary/"},{"title":"Mere Ache Din!","text":"No words for this one!","link":"/2018/12/25/me-nai-hum/"},{"title":"Dil ki Chutney","text":"Mere baby ki Dil wali Chutney :P","link":"/2018/12/25/il-ki-Chutney/"},{"title":"Rose paints a rose","text":"See, this is what I mean when I say shes the absolute Best","link":"/2018/12/25/Rose-paints-a-rose/"},{"title":"Tareef karu kya uski","text":"not just me….Everyone knows how awesome she is &lt;3","link":"/2018/12/26/Tareef-karu-kya-uski/"},{"title":"Straw-melon","text":"Me tera Melon tu meri strawberry tu menu kendii nanananananan","link":"/2018/12/28/Straw-melon/"},{"title":"sa-hell-i ","text":"Ghantoo baat inse aur hum se missed call missed call","link":"/2018/12/29/sa-hell-i/"},{"title":"Us","text":"No words for this one!","link":"/2018/12/01/Us/"},{"title":"Ludo","text":"Three of us together Nuha - Zee - Me Just us :P","link":"/2018/12/24/do/"},{"title":"Our month - versary","text":"My baby sends me flowers to celebrate our commitment 30 days of absolute official love. given a chance i would love to relive every single second of it","link":"/2018/12/30/Our-month-versary/"}],"tags":[{"name":"Love","slug":"Love","link":"/tags/Love/"},{"name":"Gift","slug":"Gift","link":"/tags/Gift/"},{"name":"Hyd","slug":"Hyd","link":"/tags/Hyd/"},{"name":"Family","slug":"Family","link":"/tags/Family/"},{"name":"Creative","slug":"Creative","link":"/tags/Creative/"},{"name":"Gifts","slug":"Gifts","link":"/tags/Gifts/"},{"name":"Meme","slug":"Meme","link":"/tags/Meme/"},{"name":"Selfie","slug":"Selfie","link":"/tags/Selfie/"}],"categories":[{"name":"Love","slug":"Love","link":"/categories/Love/"},{"name":"Hyd","slug":"Hyd","link":"/categories/Hyd/"},{"name":"Gift","slug":"Love/Gift","link":"/categories/Love/Gift/"},{"name":"Family","slug":"Family","link":"/categories/Family/"},{"name":"Love ","slug":"Love","link":"/categories/Love/"},{"name":"Hyd","slug":"Love/Hyd","link":"/categories/Love/Hyd/"},{"name":"Gifts","slug":"Love/Gifts","link":"/categories/Love/Gifts/"},{"name":"Gift","slug":"Hyd/Gift","link":"/categories/Hyd/Gift/"},{"name":"Family","slug":"Love/Family","link":"/categories/Love/Family/"},{"name":"Creative","slug":"Love/Creative","link":"/categories/Love/Creative/"},{"name":"Gift","slug":"Gift","link":"/categories/Gift/"},{"name":"Love","slug":"Family/Love","link":"/categories/Family/Love/"},{"name":"Family","slug":"Hyd/Family","link":"/categories/Hyd/Family/"},{"name":"Creative","slug":"Love/Gift/Creative","link":"/categories/Love/Gift/Creative/"},{"name":"Creative","slug":"Love/Creative","link":"/categories/Love/Creative/"},{"name":"Creative","slug":"Creative","link":"/categories/Creative/"}]}